{
  "robot_root_name": "base_link",
  "human_root_name": "Hips",
  "ground_height": 0.0,
  "human_height_assumption": 1.8,
  "use_ik_match_table1": true,
  "use_ik_match_table2": true,
  "human_scale_table": {
    "Hips": 1.0103710923876081,
    "Spine2": 1.0103710923876081,
    "LeftUpLeg": 1.1250088282993862,
    "RightUpLeg": 1.1250088282993862,
    "LeftLeg": 0.8344588279724121,
    "RightLeg": 0.8344588279724121,
    "LeftFootMod": 0.8395767893110003,
    "RightFootMod": 0.8395767893110003,
    "LeftArm": 0.9748634883335658,
    "RightArm": 0.9748634883335658,
    "LeftForeArm": 0.8432644435337612,
    "RightForeArm": 0.8432644435337612,
    "LeftHand": 0.7789099420819964,
    "RightHand": 0.7789099420819964
  },
  "ik_match_table1": {
    "base_link": [
      "Hips",
      0,
      10,
      [
        0.0,
        0.0,
        0.0
      ],
      [
        -0.5000000000000001,
        0.5000000000000001,
        0.5,
        0.5
      ]
    ],
    "left_hip_roll_link": [
      "LeftUpLeg",
      0,
      10,
      [
        -0.017125171814113854,
        -0.00036922850751877243,
        -0.02887700336418142
      ],
      [
        -0.5000000000000001,
        0.5000000000000001,
        0.5,
        0.5
      ]
    ],
    "left_knee_link": [
      "LeftLeg",
      0,
      10,
      [
        -0.03430802682250737,
        0.03546789219915867,
        -0.01312702752375594
      ],
      [
        -0.5000000000000001,
        0.5000000000000001,
        0.5,
        0.5
      ]
    ],
    "left_ankle_pitch_link": [
      "LeftFootMod",
      50,
      10,
      [
        -0.013575104251503938,
        0.021920296908020973,
        -0.01661265818989277
      ],
      [
        -0.5000000000000001,
        0.5000000000000001,
        0.5,
        0.5
      ]
    ],
    "right_hip_roll_link": [
      "RightUpLeg",
      0,
      10,
      [
        -0.017125171814113854,
        0.00036922850751878,
        -0.02887700336418142
      ],
      [
        -0.5000000000000001,
        0.5000000000000001,
        0.5,
        0.5
      ]
    ],
    "right_knee_link": [
      "RightLeg",
      0,
      10,
      [
        -0.03430802682250739,
        -0.035467892199158656,
        -0.01312702752375594
      ],
      [
        -0.5000000000000001,
        0.5000000000000001,
        0.5,
        0.5
      ]
    ],
    "right_ankle_pitch_link": [
      "RightFootMod",
      50,
      10,
      [
        -0.013575104251503949,
        -0.021920296908020966,
        -0.01661265818989277
      ],
      [
        -0.5000000000000001,
        0.5000000000000001,
        0.5,
        0.5
      ]
    ],
    "torso_link": [
      "Spine2",
      0,
      100,
      [
        0.027566431633293625,
        -6.1209774212075684e-18,
        -0.2930663866268932
      ],
      [
        -0.5000000000000001,
        0.5000000000000001,
        0.5,
        0.5
      ]
    ],
    "left_shoulder_yaw_link": [
      "LeftArm",
      0,
      100,
      [
        -0.007820466305910021,
        0.13821865410728457,
        -0.07458462760558127
      ],
      [
        -0.5000000000000001,
        0.5000000000000001,
        0.5,
        0.5
      ]
    ],
    "left_elbow_link": [
      "LeftForeArm",
      0,
      10,
      [
        -0.006717516433797778,
        -0.0056971470184326006,
        -0.013173925732135716
      ],
      [
        -0.5000000000000001,
        0.5000000000000001,
        0.5,
        0.5
      ]
    ],
    "left_wrist_roll_link": [
      "LeftHand",
      0,
      10,
      [
        -0.006178152419005339,
        -0.020621304613804847,
        0.010506469877493263
      ],
      [
        -0.5000000000000001,
        0.5000000000000001,
        0.5,
        0.5
      ]
    ],
    "right_shoulder_yaw_link": [
      "RightArm",
      0,
      100,
      [
        -0.007820466305910084,
        -0.13821865410728457,
        -0.07458462760558127
      ],
      [
        -0.5000000000000001,
        0.5000000000000001,
        0.5,
        0.5
      ]
    ],
    "right_elbow_link": [
      "RightForeArm",
      0,
      10,
      [
        -0.006717516433797776,
        0.005697147018432604,
        -0.013173925732135716
      ],
      [
        -0.5000000000000001,
        0.5000000000000001,
        0.5,
        0.5
      ]
    ],
    "right_wrist_roll_link": [
      "RightHand",
      0,
      10,
      [
        -0.0061781524190053306,
        0.020621304613804847,
        0.010506469877493263
      ],
      [
        -0.5000000000000001,
        0.5000000000000001,
        0.5,
        0.5
      ]
    ]
  },
  "ik_match_table2": {
    "base_link": [
      "Hips",
      100,
      5,
      [
        0.0,
        0.0,
        0.0
      ],
      [
        -0.5000000000000001,
        0.5000000000000001,
        0.5,
        0.5
      ]
    ],
    "left_hip_roll_link": [
      "LeftUpLeg",
      10,
      5,
      [
        -0.017125171814113854,
        -0.00036922850751877243,
        -0.02887700336418142
      ],
      [
        -0.5000000000000001,
        0.5000000000000001,
        0.5,
        0.5
      ]
    ],
    "left_knee_link": [
      "LeftLeg",
      10,
      5,
      [
        -0.03430802682250737,
        0.03546789219915867,
        -0.01312702752375594
      ],
      [
        -0.5000000000000001,
        0.5000000000000001,
        0.5,
        0.5
      ]
    ],
    "left_ankle_pitch_link": [
      "LeftFootMod",
      50,
      10,
      [
        -0.013575104251503938,
        0.021920296908020973,
        -0.01661265818989277
      ],
      [
        -0.5000000000000001,
        0.5000000000000001,
        0.5,
        0.5
      ]
    ],
    "right_hip_roll_link": [
      "RightUpLeg",
      10,
      5,
      [
        -0.017125171814113854,
        0.00036922850751878,
        -0.02887700336418142
      ],
      [
        -0.5000000000000001,
        0.5000000000000001,
        0.5,
        0.5
      ]
    ],
    "right_knee_link": [
      "RightLeg",
      10,
      5,
      [
        -0.03430802682250739,
        -0.035467892199158656,
        -0.01312702752375594
      ],
      [
        -0.5000000000000001,
        0.5000000000000001,
        0.5,
        0.5
      ]
    ],
    "right_ankle_pitch_link": [
      "RightFootMod",
      50,
      10,
      [
        -0.013575104251503949,
        -0.021920296908020966,
        -0.01661265818989277
      ],
      [
        -0.5000000000000001,
        0.5000000000000001,
        0.5,
        0.5
      ]
    ],
    "torso_link": [
      "Spine2",
      0,
      10,
      [
        0.027566431633293625,
        -6.1209774212075684e-18,
        -0.2930663866268932
      ],
      [
        -0.5000000000000001,
        0.5000000000000001,
        0.5,
        0.5
      ]
    ],
    "left_shoulder_yaw_link": [
      "LeftArm",
      5,
      100,
      [
        -0.007820466305910021,
        0.13821865410728457,
        -0.07458462760558127
      ],
      [
        -0.5000000000000001,
        0.5000000000000001,
        0.5,
        0.5
      ]
    ],
    "left_elbow_link": [
      "LeftForeArm",
      10,
      5,
      [
        -0.006717516433797778,
        -0.0056971470184326006,
        -0.013173925732135716
      ],
      [
        -0.5000000000000001,
        0.5000000000000001,
        0.5,
        0.5
      ]
    ],
    "left_wrist_roll_link": [
      "LeftHand",
      10,
      5,
      [
        -0.006178152419005339,
        -0.020621304613804847,
        0.010506469877493263
      ],
      [
        -0.5000000000000001,
        0.5000000000000001,
        0.5,
        0.5
      ]
    ],
    "right_shoulder_yaw_link": [
      "RightArm",
      5,
      100,
      [
        -0.007820466305910084,
        -0.13821865410728457,
        -0.07458462760558127
      ],
      [
        -0.5000000000000001,
        0.5000000000000001,
        0.5,
        0.5
      ]
    ],