{
  "robot_root_name": "base_link",
  "human_root_name": "Hips",
  "ground_height": 0.0,
  "human_height_assumption": 1.8,
  "use_ik_match_table1": true,
  "use_ik_match_table2": true,
  "human_scale_table": {
    "Hips": 0.9745399066380093,
    "Spine2": 0.9745399066380093,
    "LeftUpLeg": 1.145109272003174,
    "RightUpLeg": 1.145109272003174,
    "LeftLeg": 0.7751592636108399,
    "RightLeg": 0.7751592636108399,
    "LeftFootMod": 0.7832793372017997,
    "RightFootMod": 0.7832793372017997,
    "LeftArm": 0.9060326099395752,
    "RightArm": 0.9060326099395752,
    "LeftForeArm": 0.7687649386269706,
    "RightForeArm": 0.7687649386269706,
    "LeftHand": 0.7103456292833601,
    "RightHand": 0.7103456292833601
  },
  "ik_match_table1": {
    "base_link": [
      "Hips",
      0,
      10,
      [
        0.0,
        0.0,
        0.0
      ],
      [
        0.49999999999999994,
        0.5000000000000001,
        0.49999999999999994,
        0.5000000000000001
      ]
    ],
    "left_hip_roll_link": [
      "LeftUpLeg",
      0,
      10,
      [
        -0.015933345526748927,
        0.002563374773398652,
        -0.0701517820746993
      ],
      [
        -0.5,
        0.5000000000000001,
        0.49999999999999983,
        -0.5000000000000001
      ]
    ],
    "left_knee_link": [
      "LeftLeg",
      0,
      10,
      [
        -0.011250868497295409,
        0.04525366013632069,
        -0.0469519133856201
      ],
      [
        -0.5,
        0.5000000000000001,
        0.49999999999999983,
        -0.5000000000000001
      ]
    ],
    "left_ankle_pitch_link": [
      "LeftFootMod",
      50,
      10,
      [
        -0.011397677346589643,
        0.031420903202421815,
        -0.055852567191104874
      ],
      [
        -0.7071067811865477,
        0.7071067811865475,
        -1.1102230246251565e-16,
        -1.1102230246251565e-16
      ]
    ],
    "right_hip_roll_link": [
      "RightUpLeg",
      0,
      10,
      [
        -0.015933156265633082,
        -0.002563385906405455,
        -0.07015178207469931
      ],
      [
        0.4999999999999999,
        -0.5000000000000001,
        -0.4999999999999998,
        0.5000000000000002
      ]
    ],
    "right_knee_link": [
      "RightLeg",
      0,
      10,
      [
        -0.011250853424754103,
        -0.04525356216480258,
        -0.046951596862254266
      ],
      [
        0.4999999999999999,
        -0.5000000000000001,
        -0.4999999999999998,
        0.5000000000000002
      ]
    ],
    "right_ankle_pitch_link": [
      "RightFootMod",
      50,
      10,
      [
        -0.011397517427058145,
        -0.03142072805245876,
        -0.0558517219021536
      ],
      [
        0.7071067811865477,
        -0.7071067811865475,
        1.6653345369377348e-16,
        3.3306690738754696e-16
      ]
    ],
    "torso_link": [
      "Spine2",
      0,
      100,
      [
        0.024669638549399367,
        -7.27995068063134e-17,
        -0.2881104738943374
      ],
      [
        0.49999999999999994,
        0.5000000000000001,
        0.49999999999999994,
        0.5000000000000001
      ]
    ],
    "left_shoulder_yaw_link": [
      "LeftArm",
      0,
      100,
      [
        0.03632545302491043,
        0.1582492216513502,
        -0.10734274895025964
      ],
      [
        -0.7071067811865477,
        5.074904731855987e-17,
        1.0626019854981768e-16,
        0.7071067811865475
      ]
    ],
    "left_elbow_link": [
      "LeftForeArm",
      0,
      10,
      [
        0.030874926584865115,
        -0.023329954903161657,
        -0.03400806167207682
      ],
      [
        -0.7071067811865477,
        5.074904731855987e-17,
        1.0626019854981768e-16,
        0.7071067811865475
      ]
    ],
    "left_wrist_roll_link": [
      "LeftHand",
      0,
      10,
      [
        0.0285555241957965,
        -0.033804909460993585,
        -0.008862978331042548
      ],
      [
        -0.7071067811865477,
        5.074904731855987e-17,
        1.0626019854981768e-16,
        0.7071067811865475
      ]
    ],
    "right_shoulder_yaw_link": [
      "RightArm",
      0,
      100,
      [
        0.036325391364357744,
        -0.1582493625897564,
        -0.10734462519278964
      ],
      [
        1.0626019854981768e-16,
        -0.7071067811865474,
        0.7071067811865478,
        5.074904731855987e-17
      ]
    ],
    "right_elbow_link": [
      "RightForeArm",
      0,
      10,
      [
        0.030875091015143824,
        0.023330231444993514,
        -0.0340095191222729
      ],
      [
        1.0626019854981768e-16,
        -0.7071067811865474,
        0.7071067811865478,
        5.074904731855987e-17
      ]
    ],
    "right_wrist_roll_link": [
      "RightHand",
      0,
      10,
      [
        0.028556304589397806,
        0.03380348679655254,
        -0.008861265608803182
      ],
      [
        1.0626019854981768e-16,
        -0.7071067811865474,
        0.7071067811865478,
        5.074904731855987e-17
      ]
    ]
  },
  "ik_match_table2": {
    "base_link": [
      "Hips",
      20,
      5,
      [
        0.0,
        0.0,
        0.0
      ],
      [
        0.49999999999999994,
        0.5000000000000001,
        0.49999999999999994,
        0.5000000000000001
      ]
    ],
    "left_hip_roll_link": [
      "LeftUpLeg",
      10,
      5,
      [
        -0.015933345526748927,
        0.002563374773398652,
        -0.0701517820746993
      ],
      [
        -0.5,
        0.5000000000000001,
        0.49999999999999983,
        -0.5000000000000001
      ]
    ],
    "left_knee_link": [
      "LeftLeg",
      10,
      5,
      [
        -0.011250868497295409,
        0.04525366013632069,
        -0.0469519133856201
      ],
      [
        -0.5,
        0.5000000000000001,
        0.49999999999999983,
        -0.5000000000000001
      ]
    ],
    "left_ankle_pitch_link": [
      "LeftFootMod",
      50,
      10,
      [
        -0.011397677346589643,
        0.031420903202421815,
        -0.055852567191104874
      ],
      [
        -0.7071067811865477,
        0.7071067811865475,
        -1.1102230246251565e-16,
        -1.1102230246251565e-16
      ]
    ],
    "right_hip_roll_link": [
      "RightUpLeg",
      10,
      5,
      [
        -0.015933156265633082,
        -0.002563385906405455,
        -0.07015178207469931
      ],
      [
        0.4999999999999999,
        -0.5000000000000001,
        -0.4999999999999998,
        0.5000000000000002
      ]
    ],
    "right_knee_link": [
      "RightLeg",
      10,
      5,
      [
        -0.011250853424754103,
        -0.04525356216480258,
        -0.046951596862254266
      ],
      [
        0.4999999999999999,
        -0.5000000000000001,
        -0.4999999999999998,
        0.5000000000000002
      ]
    ],
    "right_ankle_pitch_link": [
      "RightFootMod",
      50,
      10,
      [
        -0.011397517427058145,
        -0.03142072805245876,
        -0.0558517219021536
      ],
      [
        0.7071067811865477,
        -0.7071067811865475,
        1.6653345369377348e-16,
        3.3306690738754696e-16
      ]
    ],
    "torso_link": [
      "Spine2",
      0,
      10,
      [
        0.024669638549399367,
        -7.27995068063134e-17,
        -0.2881104738943374
      ],
      [
        0.49999999999999994,
        0.5000000000000001,
        0.49999999999999994,
        0.5000000000000001
      ]
    ],
    "left_shoulder_yaw_link": [
      "LeftArm",
      5,
      100,
      [
        0.03632545302491043,
        0.1582492216513502,
        -0.10734274895025964
      ],
      [
        -0.7071067811865477,
        5.074904731855987e-17,
        1.0626019854981768e-16,
        0.7071067811865475
      ]
    ],