{
  "robot_root_name": "base_link",
  "human_root_name": "pelvis",
  "ground_height": 0.0,
  "human_height_assumption": 1.8,
  "use_ik_match_table1": true,
  "use_ik_match_table2": true,
  "human_scale_table": {
    "pelvis": 1.1703003644943237,
    "spine3": 1.1703003644943237,
    "left_hip": 1.7422336339950562,
    "right_hip": 1.7422336339950562,
    "left_knee": 1.0056897401809692,
    "right_knee": 1.0056897401809692,
    "left_foot": 0.9181723594665527,
    "right_foot": 0.9181723594665527,
    "left_shoulder": 0.8095301985740662,
    "right_shoulder": 0.8095301985740662,
    "left_elbow": 0.8102739453315735,
    "right_elbow": 0.8102739453315735,
    "left_wrist": 0.7370574474334717,
    "right_wrist": 0.7370574474334717
  },
  "ik_match_table1": {
    "base_link": [
      "pelvis",
      100,
      10,
      [
        0.0,
        0.0,
        0.0
      ],
      [
        -0.4999999890721525,
        0.5000000109278475,
        0.5000000109278473,
        0.4999999890721523
      ]
    ],
    "left_hip_roll_link": [
      "left_hip",
      0,
      10,
      [
        0.042467175665393604,
        0.02979242743105269,
        0.08290270865228422
      ],
      [
        -0.4999999890721525,
        0.5000000109278475,
        0.5000000109278473,
        0.4999999890721523
      ]
    ],
    "left_knee_link": [
      "left_knee",
      0,
      10,
      [
        0.030693657915685794,
        0.01032546998189583,
        0.08176770137652412
      ],
      [
        -0.4999999890721525,
        0.5000000109278475,
        0.5000000109278473,
        0.4999999890721523
      ]
    ],
    "left_leg_toe_link": [
      "left_foot",
      100,
      10,
      [
        0.108657961059933,
        0.018371049060219777,
        0.08026181916851273
      ],
      [
        -0.4999999890721525,
        0.5000000109278475,
        0.5000000109278473,
        0.4999999890721523
      ]
    ],
    "right_hip_roll_link": [
      "right_hip",
      0,
      10,
      [
        0.031355506766260526,
        -0.02701928927244004,
        0.09997437846874391
      ],
      [
        -0.4999999890721525,
        0.5000000109278475,
        0.5000000109278473,
        0.4999999890721523
      ]
    ],
    "right_knee_link": [
      "right_knee",
      0,
      10,
      [
        0.03151124345370348,
        -0.024030118126500518,
        0.07581161878741938
      ],
      [
        -0.4999999890721525,
        0.5000000109278475,
        0.5000000109278473,
        0.4999999890721523
      ]
    ],
    "right_leg_toe_link": [
      "right_foot",
      100,
      10,
      [
        0.10274457886556478,
        -0.014308393423169617,
        0.0854595006497192
      ],
      [
        -0.4999999890721525,
        0.5000000109278475,
        0.5000000109278473,
        0.4999999890721523
      ]
    ],
    "torso_link": [
      "spine3",
      0,
      10,
      [
        0.011669834283566188,
        0.0001282971136609356,
        -0.33104299483875366
      ],
      [
        -0.4999999890721525,
        0.5000000109278475,
        0.5000000109278473,
        0.4999999890721523
      ]
    ],
    "left_shoulder_yaw_link": [
      "left_shoulder",
      0,
      10,
      [
        0.0234686418575621,
        0.17369357641497454,
        0.006618352323130254
      ],
      [
        -0.4999999890721525,
        0.5000000109278475,
        0.5000000109278473,
        0.4999999890721523
      ]
    ],
    "left_elbow_link": [
      "left_elbow",
      0,
      10,
      [
        0.057484093703795494,
        0.025206258311173547,
        0.06772067807690973
      ],
      [
        -0.4999999890721525,
        0.5000000109278475,
        0.5000000109278473,
        0.4999999890721523
      ]
    ],
    "left_wrist_roll_link": [
      "left_wrist",
      0,
      10,
      [
        0.05276213058598956,
        0.005163036071044214,
        0.07180300222549363
      ],
      [
        -0.4999999890721525,
        0.5000000109278475,
        0.5000000109278473,
        0.4999999890721523
      ]
    ],
    "right_shoulder_yaw_link": [
      "right_shoulder",
      0,
      10,
      [
        0.02418634151581495,
        -0.17869280619105335,
        0.007386402427073323
      ],
      [
        -0.4999999890721525,
        0.5000000109278475,
        0.5000000109278473,
        0.4999999890721523
      ]
    ],
    "right_elbow_link": [
      "right_elbow",
      0,
      10,
      [
        0.04844085860894332,
        -0.016950859851656643,
        0.0458924698482548
      ],
      [
        -0.4999999890721525,
        0.5000000109278475,
        0.5000000109278473,
        0.4999999890721523
      ]
    ],
    "right_wrist_roll_link": [
      "right_wrist",
      0,
      10,
      [
        0.0521312900460238,
        -0.003244155414714646,
        0.0693377387351859
      ],
      [
        -0.4999999890721525,
        0.5000000109278475,
        0.5000000109278473,
        0.4999999890721523
      ]
    ]
  },
  "ik_match_table2": {
    "base_link": [
      "pelvis",
      100,
      5,
      [
        0.0,
        0.0,
        0.0
      ],
      [
        -0.4999999890721525,
        0.5000000109278475,
        0.5000000109278473,
        0.4999999890721523
      ]
    ],
    "left_hip_roll_link": [
      "left_hip",
      10,
      5,
      [
        0.042467175665393604,
        0.02979242743105269,
        0.08290270865228422
      ],
      [
        -0.4999999890721525,
        0.5000000109278475,
        0.5000000109278473,
        0.4999999890721523
      ]
    ],
    "left_knee_link": [
      "left_knee",
      10,
      5,
      [
        0.030693657915685794,
        0.01032546998189583,
        0.08176770137652412
      ],
      [
        -0.4999999890721525,
        0.5000000109278475,
        0.5000000109278473,
        0.4999999890721523
      ]
    ],
    "left_leg_toe_link": [
      "left_foot",
      100,
      50,
      [
        0.108657961059933,
        0.018371049060219777,
        0.08026181916851273
      ],
      [
        -0.4999999890721525,
        0.5000000109278475,
        0.5000000109278473,
        0.4999999890721523
      ]
    ],
    "right_hip_roll_link": [
      "right_hip",
      10,
      5,
      [
        0.031355506766260526,
        -0.02701928927244004,
        0.09997437846874391
      ],
      [
        -0.4999999890721525,
        0.5000000109278475,
        0.5000000109278473,
        0.4999999890721523
      ]
    ],
    "right_knee_link": [
      "right_knee",
      10,
      5,
      [
        0.03151124345370348,
        -0.024030118126500518,
        0.07581161878741938
      ],
      [
        -0.4999999890721525,
        0.5000000109278475,
        0.5000000109278473,
        0.4999999890721523
      ]
    ],
    "right_leg_toe_link": [
      "right_foot",
      100,
      50,
      [
        0.10274457886556478,
        -0.014308393423169617,
        0.0854595006497192
      ],
      [
        -0.4999999890721525,
        0.5000000109278475,
        0.5000000109278473,
        0.4999999890721523
      ]
    ],
    "torso_link": [
      "spine3",
      0,
      10,
      [
        0.011669834283566188,
        0.0001282971136609356,
        -0.33104299483875366
      ],
      [
        -0.4999999890721525,
        0.5000000109278475,
        0.5000000109278473,
        0.4999999890721523
      ]
    ],
    "left_shoulder_yaw_link": [
      "left_shoulder",
      10,
      5,
      [
        0.0234686418575621,
        0.17369357641497454,
        0.006618352323130254
      ],
      [
        -0.4999999890721525,
        0.5000000109278475,
        0.5000000109278473,
        0.4999999890721523
      ]
    ],